Fichier;Date_creation 
France Stock Discrepancies_031125.xlsx;03/11/2025 09:05 
France Stock Discrepancies_091025.xlsx;09/10/2025 08:21 
France Stock Discrepancies_101025.xlsx;10/10/2025 07:47 
France Stock Discrepancies_131025.xlsx;13/10/2025 07:40 
France Stock Discrepancies_141025.xlsx;14/10/2025 07:54 
France Stock Discrepancies_141125.xlsx;14/11/2025 09:53 
France Stock Discrepancies_151025.xlsx;15/10/2025 07:42 
France Stock Discrepancies_161025.xlsx;16/10/2025 07:09 
France Stock Discrepancies_171025.xlsx;17/10/2025 09:06 
France Stock Discrepancies_Discrepancy _ article La Brede_Table_081025.xlsx;08/10/2025 08:29 
Etat_Stock.xlsm;26/11/2025 15:00 
